Absorption_Lines_(A),Closest_NIST_Wavelength_(A),Corresponding_Ion,Blue_end,Red_end,Profile
6464.327525,6464.353,Ca I,6463.3,6465.17,Lorentzian
6473.417387,6473.45,Ca I,6472.7,6474.4,Lorentzian
6495.554334,6495.576,Ca I,6494.5,6497.7,Lorentzian
6501.411809,6501.446,Ca I,6500.2,6502.8,Voigt
6574.561686,6574.595,Ca I,6573.7,6575.4,Gaussian
6719.509716,6719.536,Ca I,6718.3,6720.8,Lorentzian
7150.102726,7150,Ca I,7149,7151.7,Lorentzian
7204.152139,7204,Ca I,7203,7206.4,Lorentzian
7328.138634,7328,Ca I,7327,7329.5,Lorentzian
