Absorption_Lines_(A),Closest_NIST_Wavelength_(A),Corresponding_Ion
6464.327525032502,6464.353,Ca I
6473.417386572806,6473.45,Ca I
6495.554333858471,6495.576,Ca I
6501.41180929069,6501.446,Ca I
6574.561686427564,6574.595,Ca I
6719.509715601555,6719.536,Ca I
7150.102725635951,7150.0,Ca I
7204.152139406875,7204.0,Ca I
7328.138634425419,7328.0,Ca I
8500.35855896717,8500.36,Ca II
8544.456141568962,8544.44,Ca II
8664.524592820133,8664.52,Ca II
